date,pre,hum,tem,ven,occ
2020-05-14 21:05:00,94270.77,54.49,30.99,1.0,L
2020-05-14 21:10:00,94270.25,54.4,31.0,1.0,L
2020-05-14 21:15:00,94268.28,54.83,31.04,1.0,L
2020-05-14 21:20:00,94278.38,54.92,30.99,1.0,L
2020-05-14 21:25:00,94268.48,55.25,30.91,1.0,M
2020-05-14 21:30:00,94276.06,55.58,30.89,1.0,L
2020-05-14 21:35:00,94277.91,55.58,30.91,1.0,L
2020-05-14 21:40:00,94281.58,55.84,30.94,1.0,L
2020-05-14 21:45:00,94280.64,55.88,30.94,1.0,L
2020-05-14 21:50:00,94288.23,56.17,30.9,1.0,L
2020-05-14 21:55:00,94288.45,56.11,30.94,1.0,L
2020-05-14 22:00:00,94295.47,56.11,30.94,1.0,L
2020-05-14 22:05:00,94298.84,56.06,30.94,1.0,L
2020-05-14 22:10:00,94303.63,56.11,30.93,1.0,L
2020-05-14 22:15:00,94306.11,56.18,30.92,1.0,L
2020-05-14 22:20:00,94311.45,56.12,30.92,1.0,L
2020-05-14 22:25:00,94310.33,56.34,30.89,1.0,L
2020-05-14 22:30:00,94308.73,56.31,30.88,1.0,L
2020-05-14 22:35:00,94316.14,56.41,30.87,1.0,L
2020-05-14 22:40:00,94327.81,56.56,30.84,1.0,L
2020-05-14 22:45:00,94329.14,56.54,30.89,1.0,L
2020-05-14 22:50:00,94332.27,56.38,30.91,1.0,L
2020-05-14 22:55:00,94338.98,56.33,30.92,1.0,L
2020-05-14 23:00:00,94334.7,56.36,30.93,1.0,M
2020-05-14 23:05:00,94336.97,56.42,30.96,1.0,M
2020-05-14 23:10:00,94344.75,56.92,30.98,1.0,M
2020-05-14 23:15:00,94350.08,57.31,31.05,1.0,M
2020-05-14 23:20:00,94354.12,58.7,31.12,1.0,M
2020-05-14 23:25:00,94362.55,59.31,31.05,1.0,H
2020-05-14 23:30:00,94356.5,59.31,30.97,2.0,H
2020-05-14 23:35:00,94361.31,59.18,31.04,2.0,H
2020-05-14 23:40:00,94367.8,58.4,31.04,2.0,H
2020-05-14 23:45:00,94373.0,57.96,30.98,2.0,H
2020-05-14 23:50:00,94376.66,58.13,30.91,2.0,H
2020-05-14 23:55:00,94371.19,58.2,30.93,2.0,H
2020-05-15 00:00:00,94370.42,58.81,30.98,2.0,H
2020-05-15 00:05:00,94366.61,58.98,30.9,2.0,H
2020-05-15 00:10:00,94364.44,59.18,30.82,2.0,H
2020-05-15 00:15:00,94354.86,59.55,30.72,2.0,M
2020-05-15 00:20:00,94353.02,59.0,30.9,2.0,M
2020-05-15 00:25:00,94353.58,60.01,30.51,2.0,M
2020-05-15 00:30:00,94342.81,60.47,30.44,2.0,M
2020-05-15 00:35:00,94338.79,60.89,30.33,2.0,M
2020-05-15 00:40:00,94343.29,60.6,30.37,2.0,M
2020-05-15 00:45:00,94341.41,60.75,30.3,2.0,M
2020-05-15 00:50:00,94333.89,61.2,30.34,2.0,M
2020-05-15 00:55:00,94329.75,61.25,30.46,2.0,M
2020-05-15 01:00:00,94331.26,60.95,30.56,1.0,M
2020-05-24 11:45:00,94262.1,53.7,31.57,2.0,H
2020-05-24 11:50:00,94258.41,53.79,31.58,2.0,H
2020-05-24 11:55:00,94257.87,53.83,31.65,2.0,H
2020-05-24 12:00:00,94255.58,53.91,31.64,2.0,M
2020-05-24 12:05:00,94258.55,53.66,31.66,2.0,M
2020-05-24 12:10:00,94256.98,53.66,31.65,2.0,M
2020-05-24 12:15:00,94251.36,53.57,31.54,2.0,M
2020-05-24 12:20:00,94249.7,53.32,31.46,2.0,M
2020-05-24 12:25:00,94260.36,53.02,31.42,2.0,M
2020-05-24 12:30:00,94262.92,52.77,31.38,2.0,M
2020-05-24 12:35:00,94261.52,52.95,31.4,2.0,M
2020-05-24 12:40:00,94247.78,53.51,31.6,2.0,M
2020-05-24 12:45:00,94243.12,53.89,31.65,2.0,M
2020-05-24 12:50:00,94238.57,53.71,31.72,2.0,L
2020-05-24 12:55:00,94241.78,52.85,31.85,2.0,L
2020-05-24 13:00:00,94234.14,52.53,32.0,2.0,L
2020-05-24 13:05:00,94233.96,52.83,32.03,2.0,L
2020-05-25 15:45:00,93951.84,53.34,32.03,1.0,M
2020-05-25 15:50:00,93944.17,53.27,32.03,1.0,M
2020-05-25 15:55:00,93942.55,52.89,32.19,1.0,M
2020-05-25 16:00:00,93939.78,52.72,32.34,1.0,M
2020-05-25 16:05:00,93933.44,51.94,32.37,1.0,M
2020-05-25 16:10:00,93928.27,51.36,32.39,1.0,M
2020-05-25 16:15:00,93909.48,50.79,32.28,1.0,M
2020-05-25 16:20:00,93908.73,50.41,32.22,1.0,M
2020-05-25 16:25:00,93907.78,50.47,32.15,1.0,M
2020-05-25 16:30:00,93903.37,50.77,32.17,1.0,M
2020-05-25 16:35:00,93906.14,49.95,32.12,1.0,M
2020-05-25 16:40:00,93901.34,50.25,32.12,1.0,M
2020-05-25 16:45:00,93894.27,49.89,32.18,1.0,M
2020-05-25 16:50:00,93883.44,49.07,32.12,1.0,M
2020-05-25 16:55:00,93883.77,50.25,32.21,1.0,M
2020-05-25 17:00:00,93884.3,49.21,32.24,1.0,M
2020-05-25 17:05:00,93872.94,48.27,32.28,1.0,M
2020-05-25 17:10:00,93877.52,48.57,32.31,1.0,L
2020-05-25 17:15:00,93864.87,47.7,32.2,1.0,L
2020-05-25 17:20:00,93860.72,48.99,32.22,1.0,L
2020-05-25 17:25:00,93860.22,48.12,32.39,1.0,L
2020-05-25 17:30:00,93857.71,46.45,32.3,1.0,L
2020-05-25 17:35:00,93845.73,45.53,32.32,1.0,L
2020-05-25 17:40:00,93843.51,45.4,32.42,1.0,L
2020-05-25 17:45:00,93839.81,45.0,32.14,1.0,L
2020-05-25 17:50:00,93840.57,46.29,31.9,1.0,L
2020-05-25 17:55:00,93830.9,46.63,31.93,1.0,L
2020-05-25 18:00:00,93823.66,46.15,31.91,1.0,L
2020-05-25 18:05:00,93816.88,46.3,31.86,1.0,L
2020-05-25 18:10:00,93806.07,46.56,31.96,1.0,L
2020-05-25 18:15:00,93802.05,47.1,32.11,1.0,L
2020-05-25 18:20:00,93808.86,47.73,32.15,1.0,L
2020-05-25 18:25:00,93794.77,48.09,32.23,1.0,L
2020-05-25 18:30:00,93791.29,47.88,32.24,1.0,L
2020-05-25 18:35:00,93784.03,48.24,32.29,1.0,L
2020-05-25 18:40:00,93789.69,48.21,32.33,1.0,L
2020-05-25 18:45:00,93786.16,49.11,32.35,1.0,L
2020-05-25 18:50:00,93774.83,48.27,32.37,1.0,M
2020-05-25 18:55:00,93776.75,48.31,32.41,1.0,M
2020-05-25 19:00:00,93780.16,48.35,32.44,1.0,M
2020-05-25 19:05:00,93773.05,48.56,32.42,1.0,M
2020-05-25 19:10:00,93756.67,49.07,32.49,1.0,M
2020-05-25 19:15:00,93744.0,48.99,32.49,1.0,M
2020-05-25 19:20:00,93745.98,47.73,32.52,1.0,L
2020-05-25 19:25:00,93758.2,46.08,32.47,1.0,L
2020-05-25 19:30:00,93746.0,45.16,32.51,1.0,M
2020-05-25 19:35:00,93767.39,45.08,32.55,1.0,M
2020-05-25 19:40:00,93779.27,44.5,32.54,1.0,L
2020-05-25 19:45:00,93777.72,45.74,32.66,1.0,L
2020-05-25 19:50:00,93791.69,43.72,32.63,1.0,L
2020-05-25 19:55:00,93794.75,43.07,32.53,1.0,L
2020-05-25 20:00:00,93810.73,43.22,32.59,1.0,L
2020-05-25 20:05:00,93812.64,43.12,32.71,1.0,L
2020-05-25 20:10:00,93823.89,43.84,32.64,1.0,L
2020-05-25 20:15:00,93837.38,41.77,32.48,1.0,L
2020-05-25 20:20:00,93848.19,42.57,32.5,1.0,L
2020-05-25 20:25:00,93865.52,45.34,32.53,1.0,L
2020-05-25 20:30:00,93880.42,45.42,32.57,1.0,M
2020-05-25 20:35:00,93893.58,44.48,32.51,1.0,M
2020-05-25 20:40:00,93908.17,45.84,32.55,1.0,L
2020-05-25 20:45:00,93917.59,44.95,32.52,1.0,L
2020-05-25 20:50:00,93920.41,46.44,32.48,0.0,L
2020-05-25 20:55:00,93930.78,48.32,32.57,0.0,L
2020-05-25 21:00:00,93953.27,46.49,32.59,0.0,L
2020-05-25 21:05:00,93966.19,48.64,32.54,0.0,L
2020-05-25 21:10:00,93979.36,49.57,32.49,0.0,L
2020-05-25 21:15:00,93990.39,49.88,32.41,0.0,L
2020-05-25 21:20:00,94000.14,50.17,32.49,0.0,L
2020-05-25 21:25:00,94028.22,50.0,32.44,0.0,L
2020-05-25 21:30:00,94048.36,50.02,32.43,0.0,L
2020-05-25 21:35:00,94043.45,50.4,32.34,0.0,L
2020-05-25 21:40:00,94053.45,49.27,32.46,0.0,L
2020-05-25 21:45:00,94053.71,48.75,32.4,0.0,L
2020-05-25 21:50:00,94041.5,48.78,32.36,1.0,L
2020-05-25 21:55:00,94046.26,49.41,32.12,1.0,L
2020-05-25 22:00:00,94050.34,49.58,32.1,1.0,L
2020-05-25 22:05:00,94034.38,50.19,31.92,1.0,L
2020-05-25 22:10:00,94014.56,50.9,31.97,1.0,L
2020-05-25 22:15:00,94007.97,51.81,31.97,1.0,L
2020-05-25 22:20:00,93992.27,51.92,31.97,1.0,L
2020-05-25 22:25:00,94009.22,52.03,31.92,1.0,L
2020-05-25 22:30:00,94046.63,52.59,31.72,1.0,L
2020-05-25 22:35:00,94072.05,52.53,31.44,1.0,L
2020-05-25 22:40:00,94108.42,51.68,31.69,1.0,L
2020-05-25 22:45:00,94122.09,51.7,31.96,1.0,L
2020-05-25 22:50:00,94125.89,51.44,32.16,1.0,L
2020-05-25 22:55:00,94147.36,51.61,32.32,1.0,L
2020-05-25 23:00:00,94149.01,51.54,32.27,1.0,L
2020-05-25 23:05:00,94142.07,51.18,32.32,1.0,L
2020-05-25 23:10:00,94143.05,51.61,32.38,1.0,L
2020-05-25 23:15:00,94139.91,51.04,32.49,1.0,L
2020-05-25 23:20:00,94135.99,50.27,32.52,1.0,M
2020-05-25 23:25:00,94149.31,52.94,33.2,1.0,M
2020-05-25 23:30:00,94172.13,50.71,32.71,1.0,M
2020-05-25 23:35:00,94183.84,51.56,32.51,1.0,M
2020-05-25 23:40:00,94206.61,51.22,32.39,1.0,H
2020-05-25 23:45:00,94224.65,51.71,32.26,1.0,H
2020-05-25 23:50:00,94248.3,50.64,31.82,1.0,H
2020-05-25 23:55:00,94295.53,51.53,31.32,1.0,H
2020-05-26 00:00:00,94309.47,51.66,31.58,1.0,M
2020-05-26 00:05:00,94316.07,52.78,31.43,1.0,M
2020-05-26 00:10:00,94336.45,53.73,31.36,1.0,M
2020-05-26 00:15:00,94349.1,55.19,31.16,1.0,M
2020-05-26 00:20:00,94346.44,55.6,31.38,1.0,M
2020-05-26 00:25:00,94332.58,55.04,31.55,1.0,M
2020-05-26 00:30:00,94337.16,53.96,31.73,1.0,L
2020-05-26 00:35:00,94340.7,52.61,31.7,1.0,L
2020-05-26 00:40:00,94357.89,52.42,31.81,1.0,L
2020-05-26 00:45:00,94349.52,50.16,31.87,1.0,L
2020-05-26 00:50:00,94366.91,48.38,31.66,1.0,L
2020-05-26 00:55:00,94389.0,49.52,31.81,1.0,L
2020-05-26 01:00:00,94405.7,48.32,31.7,0.0,L
2020-05-26 01:05:00,94404.59,47.21,31.55,0.0,L
2020-05-26 01:10:00,94404.55,48.79,31.68,0.0,L
2020-05-26 01:15:00,94387.84,47.22,31.53,0.0,L
2020-05-26 01:20:00,94370.63,48.34,31.81,0.0,L
2020-05-26 01:25:00,94354.16,47.88,31.76,0.0,L
2020-05-26 01:30:00,94347.17,48.02,31.77,0.0,L
2020-05-26 01:35:00,94335.88,47.99,31.96,0.0,L
2020-05-26 01:40:00,94325.86,46.52,31.64,0.0,L
2020-05-26 01:45:00,94307.66,47.83,31.78,0.0,L
2020-05-26 01:50:00,94292.17,45.6,31.95,0.0,L
2020-05-26 01:55:00,94285.56,47.81,31.82,0.0,L
2020-05-26 02:00:00,94256.95,51.38,31.66,0.0,L
2020-05-26 02:05:00,94270.94,52.86,31.39,0.0,L
2020-05-26 02:10:00,94269.66,53.23,31.35,0.0,L
2020-05-26 02:15:00,94257.2,52.42,31.4,0.0,L
2020-05-26 02:20:00,94259.59,54.49,30.85,0.0,L
2020-05-26 02:25:00,94247.92,54.53,30.87,0.0,L
2020-05-26 02:30:00,94222.66,55.16,30.55,0.0,L
2020-05-26 02:35:00,94210.61,55.24,30.53,0.0,L
2020-05-26 02:40:00,94209.63,55.41,30.42,0.0,L
2020-05-26 02:45:00,94202.72,56.02,30.13,0.0,L
2020-05-26 02:50:00,94202.96,55.55,30.16,0.0,L
2020-05-26 02:55:00,94211.51,55.72,29.94,0.0,L
2020-05-26 03:00:00,94211.99,55.45,29.93,0.0,L
2020-05-26 03:05:00,94236.56,55.55,29.92,0.0,L
2020-05-26 03:10:00,94251.85,54.81,30.19,0.0,L
2020-05-26 03:15:00,94271.45,53.46,30.43,0.0,L
2020-05-26 03:20:00,94278.3,54.43,30.39,0.0,L
2020-05-26 03:25:00,94284.8,54.11,30.5,0.0,L
2020-05-26 03:30:00,94298.43,54.65,30.4,0.0,L
2020-05-26 03:35:00,94304.11,54.07,30.55,0.0,L
2020-05-26 03:40:00,94323.86,52.11,30.7,0.0,L
2020-05-26 03:45:00,94338.27,51.32,30.76,0.0,L
2020-05-26 03:50:00,94353.81,49.56,30.78,0.0,L
2020-05-26 03:55:00,94361.91,50.16,30.82,0.0,L
2020-05-26 04:00:00,94378.1,49.02,30.85,0.0,L
2020-05-26 04:05:00,94391.41,50.97,30.41,0.0,L
2020-05-26 04:10:00,94417.39,49.09,30.67,0.0,L
2020-05-26 04:15:00,94426.31,49.46,30.73,0.0,L
2020-05-26 04:20:00,94427.23,50.88,30.28,0.0,L
2020-05-26 04:25:00,94435.47,51.77,29.98,0.0,L
2020-05-26 04:30:00,94448.3,51.18,30.19,0.0,L
2020-05-26 04:35:00,94463.83,49.71,30.28,0.0,L
2020-05-26 04:40:00,94482.5,49.25,30.49,0.0,L
2020-05-26 04:45:00,94508.66,49.62,30.37,0.0,L
2020-05-26 04:50:00,94523.4,50.48,30.14,0.0,L
2020-05-26 04:55:00,94523.68,50.87,29.98,0.0,L
2020-05-26 05:00:00,94527.09,50.89,29.98,0.0,L
2020-05-26 05:05:00,94520.76,51.32,29.73,0.0,L
2020-05-26 05:10:00,94528.2,51.59,29.59,0.0,L
2020-05-26 05:15:00,94539.45,51.32,29.79,0.0,L
2020-05-26 05:20:00,94550.24,52.93,29.34,0.0,L
2020-05-26 05:25:00,94543.72,53.05,29.55,0.0,L
2020-05-26 05:30:00,94547.06,55.09,29.24,0.0,L
2020-05-26 05:35:00,94556.97,56.96,28.94,0.0,L
2020-05-26 05:40:00,94550.48,57.51,28.68,0.0,L
2020-05-26 05:45:00,94539.26,56.51,28.92,0.0,L
2020-05-26 05:50:00,94528.0,56.54,28.83,0.0,L
2020-05-26 05:55:00,94525.16,56.01,28.94,0.0,L
2020-05-26 06:00:00,94532.76,55.92,28.84,0.0,L
2020-05-26 06:05:00,94521.23,55.97,28.69,0.0,L
2020-05-26 06:10:00,94520.02,56.25,28.55,0.0,L
2020-05-26 06:15:00,94530.83,57.18,28.2,0.0,L
2020-05-26 06:20:00,94538.03,56.9,28.37,0.0,L
2020-05-26 06:25:00,94555.36,56.66,28.49,0.0,L
2020-05-26 06:30:00,94566.92,55.9,28.55,0.0,L
2020-05-26 06:35:00,94575.96,55.57,28.71,0.0,L
2020-05-26 06:40:00,94586.3,55.09,29.01,0.0,L
2020-05-26 06:45:00,94606.98,54.27,29.33,0.0,L
2020-05-26 06:50:00,94615.31,53.62,29.57,0.0,L
2020-05-26 06:55:00,94624.28,53.97,29.38,0.0,L
2020-05-26 10:50:00,94878.3,72.47,26.84,1.0,L
2020-05-26 10:55:00,94879.73,71.91,26.97,1.0,L
2020-05-26 11:00:00,94876.63,71.4,26.99,1.0,L
2020-05-26 11:05:00,94872.67,70.37,27.3,1.0,L
2020-05-26 11:10:00,94877.5,70.19,27.39,1.0,L
2020-05-26 11:15:00,94880.13,70.13,27.38,1.0,L
2020-05-26 11:20:00,94884.25,70.84,27.15,1.0,L
2020-05-26 11:25:00,94883.14,69.93,27.39,1.0,L
2020-05-26 11:30:00,94890.11,68.31,27.73,1.0,L
2020-05-26 23:35:00,94842.56,63.26,27.21,0.0,E
2020-05-26 23:40:00,94847.53,61.8,28.03,0.0,E
2020-05-26 23:45:00,94851.3,59.71,28.53,0.0,E
2020-05-26 23:50:00,94844.75,59.19,28.63,0.0,E
2020-05-26 23:55:00,94852.55,59.18,28.65,0.0,E
2020-05-27 00:00:00,94857.58,59.15,28.62,0.0,E
2020-05-27 00:05:00,94856.96,59.22,28.64,0.0,E
2020-05-27 00:10:00,94864.25,59.48,28.6,0.0,E
2020-05-27 00:15:00,94867.55,59.85,28.54,0.0,E
2020-05-27 00:20:00,94869.53,59.96,28.53,0.0,E
2020-05-27 00:25:00,94869.44,59.87,28.55,0.0,E
2020-05-27 00:30:00,94866.23,59.96,28.52,0.0,E
2020-05-27 00:35:00,94864.91,59.76,28.53,0.0,E
2020-05-27 00:40:00,94861.66,59.59,28.55,0.0,E
2020-05-27 00:45:00,94868.36,59.63,28.53,0.0,E
2020-05-27 00:50:00,94874.17,59.82,28.47,0.0,E
2020-05-27 00:55:00,94876.04,59.86,28.48,0.0,E
2020-05-27 01:00:00,94874.06,59.76,28.44,0.0,E
2020-05-27 01:05:00,94870.98,59.63,28.43,0.0,E
2020-05-27 01:10:00,94874.6,59.58,28.39,0.0,L
2020-05-27 01:15:00,94863.54,60.12,28.27,0.0,L
2020-05-27 01:20:00,94859.16,60.19,28.24,0.0,L
2020-05-27 01:25:00,94858.09,60.11,28.23,0.0,L
2020-05-27 01:30:00,94856.97,59.84,28.23,0.0,L
2020-05-27 01:35:00,94852.05,59.92,28.21,0.0,L
2020-05-27 01:40:00,94842.58,59.2,28.59,0.0,L
2020-05-27 01:45:00,94840.19,58.6,28.98,0.0,L
2020-05-27 01:50:00,94840.91,58.41,29.11,0.0,L
2020-05-27 01:55:00,94837.31,58.14,29.23,0.0,L
2020-05-27 02:00:00,94829.03,57.78,29.33,0.0,L
2020-05-27 02:05:00,94821.62,57.67,29.39,0.0,L
2020-05-27 02:10:00,94817.23,57.47,29.45,0.0,L
2020-05-27 02:15:00,94812.23,57.38,29.51,0.0,L
2020-05-27 02:20:00,94813.51,57.39,29.53,0.0,L
2020-05-27 02:25:00,94810.46,57.23,29.59,0.0,L
2020-05-27 02:30:00,94791.58,57.14,29.61,0.0,L
2020-05-27 02:35:00,94795.08,57.17,29.64,0.0,L
2020-05-27 02:40:00,94795.37,57.13,29.63,0.0,L
2020-05-27 02:45:00,94798.22,57.12,29.68,0.0,L
2020-05-27 02:50:00,94790.78,57.02,29.66,0.0,L
2020-05-27 02:55:00,94791.93,57.0,29.69,0.0,L
2020-05-27 03:00:00,94784.89,56.95,29.66,0.0,L
2020-05-27 03:05:00,94777.7,56.83,29.67,0.0,L
2020-05-27 03:10:00,94771.7,56.88,29.66,0.0,L
2020-05-27 03:15:00,94771.28,56.78,29.7,0.0,L
2020-05-27 03:20:00,94768.19,56.73,29.7,0.0,L
2020-05-27 03:25:00,94768.55,56.62,29.7,0.0,L
2020-05-27 03:30:00,94760.25,56.79,29.71,0.0,L
2020-05-27 03:35:00,94760.91,56.72,29.7,0.0,L
2020-05-27 03:40:00,94759.63,56.57,29.72,0.0,L
2020-05-27 03:45:00,94755.23,56.71,29.7,0.0,L
2020-05-27 03:50:00,94753.16,56.72,29.73,0.0,L
2020-05-27 03:55:00,94760.73,56.8,29.72,0.0,L
2020-05-27 04:00:00,94761.55,56.65,29.75,0.0,L
2020-05-27 04:05:00,94758.33,56.69,29.73,0.0,L
2020-05-27 04:10:00,94756.62,56.63,29.75,0.0,L
2020-05-27 04:15:00,94752.33,56.68,29.72,0.0,L
2020-05-27 04:20:00,94750.25,56.71,29.71,0.0,L
2020-05-27 04:25:00,94744.24,56.64,29.7,0.0,L
2020-05-27 04:30:00,94753.67,56.58,29.7,0.0,L
2020-05-27 04:35:00,94754.3,56.53,29.71,0.0,L
2020-05-27 04:40:00,94756.98,56.47,29.69,0.0,L
2020-05-27 04:45:00,94762.25,56.39,29.7,0.0,L
2020-05-27 04:50:00,94756.64,56.35,29.7,0.0,L
2020-05-27 04:55:00,94756.53,56.4,29.7,0.0,L
2020-05-27 05:00:00,94746.2,56.35,29.7,0.0,L
2020-05-27 05:05:00,94743.59,56.23,29.68,0.0,L
2020-05-27 05:10:00,94744.48,56.29,29.69,0.0,L
2020-05-27 05:15:00,94736.62,56.24,29.7,0.0,L
2020-05-27 05:20:00,94737.34,56.15,29.7,0.0,L
2020-05-27 05:25:00,94728.08,56.17,29.65,0.0,L
2020-05-27 05:30:00,94725.83,56.19,29.66,0.0,L
2020-05-27 05:35:00,94725.3,56.2,29.65,0.0,L
2020-05-27 05:40:00,94727.84,56.25,29.62,0.0,L
2020-05-27 05:45:00,94732.84,56.29,29.62,0.0,L
2020-05-27 05:50:00,94733.92,56.21,29.61,0.0,L
2020-05-27 05:55:00,94738.73,56.36,29.59,0.0,L
2020-05-27 06:00:00,94739.69,56.18,29.61,0.0,L
2020-05-27 06:05:00,94734.75,56.24,29.59,0.0,L
2020-05-27 06:10:00,94740.87,56.19,29.59,0.0,L
2020-05-27 06:15:00,94747.47,56.21,29.54,0.0,L
2020-05-27 06:20:00,94749.63,56.17,29.57,0.0,L
2020-05-27 06:25:00,94750.52,56.13,29.57,0.0,L
2020-05-27 06:30:00,94748.92,56.17,29.54,0.0,L
2020-05-27 06:35:00,94754.63,56.13,29.55,0.0,L
2020-05-27 06:40:00,94760.48,56.26,29.5,0.0,L
2020-05-27 06:45:00,94762.03,56.28,29.52,0.0,L
2020-05-27 06:50:00,94766.19,56.24,29.55,0.0,L
2020-05-27 06:55:00,94763.94,56.32,29.53,0.0,L
2020-05-27 07:00:00,94761.09,56.33,29.54,0.0,L
2020-05-27 07:05:00,94758.68,56.39,29.51,0.0,L
2020-05-27 07:10:00,94762.41,56.52,29.48,0.0,E
2020-05-27 07:15:00,94770.27,59.61,28.18,0.0,E
2020-05-27 07:20:00,94776.09,60.43,27.72,0.0,E
2020-05-27 07:25:00,94783.64,62.8,27.0,0.0,E
2020-05-27 07:30:00,94786.68,61.87,27.38,0.0,E
2020-05-27 07:35:00,94784.11,62.12,27.37,0.0,E
2020-05-27 07:40:00,94782.63,62.16,27.33,0.0,E
2020-05-27 07:45:00,94781.5,62.21,27.23,0.0,E
2020-05-27 07:50:00,94782.08,62.06,27.18,0.0,E
2020-05-27 07:55:00,94784.57,62.36,27.21,0.0,E
2020-05-27 08:00:00,94784.62,62.69,27.25,0.0,E
2020-05-27 08:05:00,94788.0,62.89,27.18,0.0,E
2020-05-27 08:10:00,94785.52,62.81,27.23,0.0,E
2020-05-27 08:15:00,94784.88,62.57,27.25,0.0,E
2020-05-27 08:20:00,94793.56,62.57,27.21,0.0,E
2020-05-27 08:25:00,94802.56,62.75,27.25,0.0,E
2020-05-27 08:30:00,94813.02,63.16,27.23,0.0,E
2020-05-27 08:35:00,94815.36,63.2,27.24,0.0,E
2020-05-27 08:40:00,94820.38,62.86,27.2,0.0,L
2020-05-27 08:45:00,94814.71,63.75,26.95,0.0,L
2020-05-27 08:50:00,94815.3,63.78,26.87,0.0,E
2020-05-27 08:55:00,94819.12,63.11,27.17,0.0,E
2020-05-27 09:00:00,94824.38,62.66,27.34,0.0,E
2020-05-27 09:05:00,94824.66,63.7,27.12,0.0,E
2020-05-27 09:10:00,94832.58,63.68,27.15,0.0,E
2020-05-27 09:15:00,94834.0,63.52,27.28,0.0,E
2020-05-27 09:20:00,94832.42,63.75,27.33,0.0,E
2020-05-27 09:25:00,94835.92,63.75,27.23,0.0,E
2020-05-27 09:30:00,94830.23,63.49,27.25,1.0,E
2020-05-27 09:35:00,94832.14,63.41,27.17,1.0,E
2020-05-27 09:40:00,94828.97,62.93,27.44,1.0,L
2020-05-27 09:45:00,94829.42,63.29,27.53,1.0,L
2020-05-27 09:50:00,94827.97,62.99,27.59,1.0,L
2020-05-27 09:55:00,94824.15,62.44,27.68,1.0,L
2020-05-27 10:00:00,94829.43,62.29,27.72,1.0,E
2020-05-28 01:05:00,94456.61,58.74,30.09,0.0,L
2020-05-28 01:10:00,94461.95,57.47,30.24,0.0,L
2020-05-28 01:15:00,94461.38,55.68,30.46,0.0,L
2020-05-28 01:20:00,94458.8,54.79,30.62,0.0,L
2020-05-28 01:25:00,94456.92,54.58,30.73,0.0,L
2020-05-28 01:30:00,94450.92,53.63,30.77,0.0,L
2020-05-28 01:35:00,94446.27,53.52,30.84,0.0,L
2020-05-28 01:40:00,94448.76,53.78,30.86,0.0,L
2020-05-28 01:45:00,94450.8,54.05,30.9,0.0,L
2020-05-28 01:50:00,94447.97,54.2,30.95,0.0,L
2020-05-28 01:55:00,94452.66,54.37,30.97,0.0,L
2020-05-28 02:00:00,94447.19,54.41,31.0,0.0,L
2020-05-28 02:05:00,94445.05,54.53,31.0,0.0,L
2020-05-28 02:10:00,94446.13,54.53,31.05,0.0,L
2020-05-28 02:15:00,94446.67,54.6,31.06,0.0,L
2020-05-28 02:20:00,94441.81,54.68,31.07,0.0,L
2020-05-28 02:25:00,94441.06,54.7,31.09,0.0,L
2020-05-28 02:30:00,94444.33,54.77,31.08,0.0,L
2020-05-28 02:35:00,94438.34,54.78,31.09,0.0,L
2020-05-28 02:40:00,94427.42,54.86,31.07,0.0,L
2020-05-28 02:45:00,94427.26,54.89,31.07,0.0,L
2020-05-28 02:50:00,94422.2,54.96,31.05,0.0,L
2020-05-28 02:55:00,94420.09,55.04,31.03,0.0,L
2020-05-28 03:00:00,94420.23,55.08,31.02,0.0,L
2020-05-28 03:05:00,94422.07,55.08,31.02,0.0,L
2020-05-28 03:10:00,94418.1,55.14,31.01,0.0,L
2020-05-28 03:15:00,94396.38,55.23,30.99,0.0,L
2020-05-28 03:20:00,94395.11,55.15,31.03,0.0,L
2020-05-28 03:25:00,94396.94,55.19,31.04,0.0,L
2020-05-28 03:30:00,94402.62,55.31,31.02,0.0,L
2020-05-28 03:35:00,94417.41,55.39,31.03,0.0,L
2020-05-28 03:40:00,94415.94,55.49,31.03,0.0,L
2020-05-28 03:45:00,94427.66,55.55,31.04,0.0,L
2020-05-28 03:50:00,94436.78,55.62,31.06,0.0,L
2020-05-28 03:55:00,94457.88,55.77,31.03,0.0,L
2020-05-28 04:00:00,94459.77,55.91,31.03,0.0,L
2020-05-28 04:05:00,94469.45,55.94,31.02,0.0,L
2020-05-28 04:10:00,94472.38,56.04,31.02,0.0,L
2020-05-28 04:15:00,94495.64,56.1,31.03,0.0,L
2020-05-28 04:20:00,94507.69,56.19,31.01,0.0,L
2020-05-28 04:25:00,94525.62,56.21,31.03,0.0,L
2020-05-28 04:30:00,94556.38,56.2,31.04,0.0,L
2020-05-28 04:35:00,94596.7,56.23,31.06,0.0,L
2020-05-28 04:40:00,94616.54,56.46,30.99,0.0,L
2020-05-28 04:45:00,94630.45,56.56,30.95,0.0,L
2020-05-28 04:50:00,94653.17,56.68,30.89,0.0,L
2020-05-28 04:55:00,94670.95,56.66,30.92,0.0,L
2020-05-28 05:00:00,94675.62,56.7,30.92,0.0,L
2020-05-28 05:05:00,94679.14,56.81,30.89,0.0,L
2020-05-28 05:10:00,94696.69,56.9,30.87,0.0,L
2020-05-28 05:15:00,94713.29,56.85,30.91,0.0,L
2020-05-28 05:20:00,94719.69,56.86,30.91,0.0,L
2020-05-28 05:25:00,94725.44,56.94,30.9,0.0,L
2020-05-28 05:30:00,94725.42,56.92,30.91,0.0,L
2020-05-28 05:35:00,94732.47,56.95,30.9,0.0,L
2020-05-28 05:40:00,94728.67,56.94,30.92,0.0,L
2020-05-28 05:45:00,94736.42,56.96,30.94,0.0,L
2020-05-28 05:50:00,94737.78,56.94,30.93,0.0,L
2020-05-28 05:55:00,94737.48,56.92,30.95,0.0,L
2020-05-28 06:00:00,94740.05,56.91,30.95,0.0,L
2020-05-28 06:05:00,94745.14,57.0,30.91,0.0,L
2020-05-28 06:10:00,94740.78,57.09,30.9,0.0,L
2020-05-28 06:15:00,94720.02,56.99,30.93,0.0,L
2020-05-28 06:20:00,94713.61,57.01,30.94,0.0,L
2020-05-28 06:25:00,94687.19,57.02,30.94,0.0,L
2020-05-28 06:30:00,94663.02,57.03,30.92,0.0,L
2020-05-28 06:35:00,94642.47,57.11,30.91,0.0,L
2020-05-28 06:40:00,94643.16,57.19,30.9,0.0,L
2020-05-28 06:45:00,94649.12,57.19,30.9,0.0,L
2020-05-28 06:50:00,94636.67,57.25,30.86,0.0,L
2020-05-28 06:55:00,94640.69,57.14,30.9,0.0,L
2020-05-28 07:00:00,94628.44,57.44,30.68,0.0,L
2020-05-28 07:05:00,94615.06,57.89,30.57,0.0,L
2020-05-28 08:45:00,94770.38,67.19,28.2,1.0,L
2020-05-28 08:50:00,94780.33,64.61,29.11,1.0,L
2020-05-28 08:55:00,94786.53,64.24,29.38,1.0,L
2020-05-28 09:00:00,94794.87,63.68,29.48,1.0,L
2020-05-28 09:05:00,94791.17,63.67,29.48,1.0,L
2020-05-28 09:10:00,94791.84,63.43,29.62,1.0,L
2020-05-28 09:15:00,94805.14,63.35,29.66,1.0,L
2020-05-28 09:20:00,94805.88,62.64,29.75,1.0,L
2020-05-28 09:25:00,94811.76,62.39,29.82,1.0,L
2020-05-28 09:30:00,94823.63,62.38,29.92,1.0,L
2020-05-28 09:35:00,94819.45,61.61,29.97,1.0,L
2020-05-28 09:40:00,94819.95,61.42,30.02,1.0,L
2020-05-28 09:45:00,94830.95,61.29,30.05,1.0,L
2020-05-28 09:50:00,94825.58,61.06,30.09,1.0,L
2020-05-28 09:55:00,94821.02,60.88,30.13,1.0,L
2020-05-28 10:00:00,94825.39,60.95,30.16,1.0,L
2020-05-28 10:05:00,94829.35,60.64,30.22,1.0,L
2020-05-28 10:10:00,94838.27,60.77,30.24,1.0,L
2020-05-28 10:15:00,94842.92,60.4,30.24,1.0,L
2020-05-28 10:20:00,94850.82,60.48,30.32,1.0,L
2020-05-28 10:25:00,94840.75,60.13,30.31,1.0,L
2020-05-28 10:30:00,94847.22,60.08,30.32,1.0,L
2020-05-28 10:35:00,94848.34,59.76,30.33,1.0,L
2020-05-28 10:40:00,94840.8,59.1,30.48,1.0,L
2020-05-28 10:45:00,94848.73,58.89,30.3,1.0,L
2020-05-28 10:50:00,94847.66,59.09,30.31,1.0,L
2020-05-28 10:55:00,94847.16,59.42,30.41,1.0,L
2020-05-28 11:00:00,94834.78,58.79,30.51,1.0,L
2020-05-28 11:05:00,94829.03,58.84,30.53,1.0,L
2020-05-28 11:10:00,94814.84,58.73,30.54,1.0,L
2020-05-28 11:15:00,94816.56,58.7,30.55,1.0,L
2020-05-28 11:20:00,94813.82,58.6,30.52,1.0,L
2020-05-28 11:25:00,94807.17,58.34,30.56,1.0,L
2020-05-28 11:30:00,94811.59,58.52,30.48,1.0,E
2020-05-28 11:35:00,94822.09,58.19,30.59,1.0,E
2020-05-28 11:40:00,94833.22,58.04,30.57,1.0,E
2020-05-28 11:45:00,94839.16,57.75,30.54,1.0,E
2020-05-28 11:50:00,94851.47,57.77,30.51,1.0,L
2020-05-28 11:55:00,94856.56,57.52,30.55,1.0,L
2020-05-28 12:00:00,94859.98,57.27,30.54,1.0,L
2020-05-28 12:05:00,94863.02,57.13,30.47,1.0,L
2020-05-28 12:10:00,94865.7,56.79,30.49,1.0,E
2020-05-28 12:15:00,94876.47,55.81,30.44,1.0,E
2020-05-28 12:20:00,94887.03,55.75,30.44,0.0,E
2020-05-28 12:25:00,94896.23,55.89,30.48,0.0,E
2020-05-28 12:30:00,94898.5,55.91,30.49,0.0,E
2020-05-28 12:35:00,94904.17,55.85,30.43,0.0,E
2020-05-28 12:40:00,94901.35,55.73,30.44,0.0,E
2020-05-28 12:45:00,94902.8,55.96,30.45,0.0,E
2020-05-28 12:50:00,94907.25,56.66,30.44,1.0,E
2020-05-28 12:55:00,94901.23,57.19,30.48,1.0,E
2020-05-28 13:00:00,94894.41,56.61,30.38,1.0,E
2020-05-28 13:05:00,94887.98,56.38,30.41,1.0,E
2020-05-28 23:15:00,94924.76,43.56,31.62,1.0,L
2020-05-28 23:20:00,94928.38,43.49,31.59,1.0,L
2020-05-28 23:25:00,94943.02,42.86,31.67,1.0,L
2020-05-28 23:30:00,94946.88,42.78,31.68,1.0,M
2020-05-28 23:35:00,94970.75,42.93,31.73,1.0,M
2020-05-28 23:40:00,94995.9,42.08,31.8,1.0,L
2020-05-28 23:45:00,94997.97,43.45,31.95,1.0,L
2020-05-28 23:50:00,95000.52,44.01,32.04,1.0,L
2020-05-28 23:55:00,95024.28,43.82,32.06,1.0,L
2020-05-29 00:00:00,95053.27,43.5,32.06,1.0,L
2020-05-29 00:05:00,95055.39,42.67,32.1,1.0,L
2020-05-29 00:10:00,95098.91,41.85,32.05,1.0,M
2020-05-29 00:15:00,95108.42,44.28,31.87,1.0,M
2020-05-29 00:20:00,95118.91,45.22,31.78,1.0,M
2020-05-29 00:25:00,95142.86,45.95,31.83,1.0,M
2020-05-29 00:30:00,95158.53,49.09,31.88,1.0,M
2020-05-29 00:35:00,95143.88,48.47,31.79,1.0,M
2020-05-29 00:40:00,95144.63,47.84,31.64,1.0,M
2020-05-29 00:45:00,95170.88,47.42,31.62,1.0,M
2020-05-29 00:50:00,95237.39,45.83,31.55,1.0,M
2020-05-29 00:55:00,95243.73,45.16,31.44,1.0,M
2020-05-29 01:00:00,95248.2,44.45,31.5,1.0,M
2020-05-29 01:05:00,95319.57,43.93,31.31,1.0,M
2020-05-29 01:10:00,95441.41,50.51,30.86,0.0,L
2020-05-29 01:15:00,95448.97,53.01,30.21,0.0,L
2020-05-29 01:20:00,95476.55,52.4,30.69,0.0,L
2020-05-29 01:25:00,95471.12,52.41,30.88,0.0,L
2020-05-29 01:30:00,95434.75,51.41,31.06,0.0,L
2020-05-29 01:35:00,95423.84,50.22,31.04,0.0,L
2020-05-29 01:40:00,95394.96,51.21,31.01,0.0,L
2020-05-29 01:45:00,95376.18,50.04,31.03,0.0,L
2020-05-29 01:50:00,95345.49,50.74,30.94,0.0,L
2020-05-29 01:55:00,95312.38,51.39,30.95,0.0,L
2020-05-29 02:00:00,95319.75,51.56,30.93,0.0,L
2020-05-29 02:05:00,95334.98,51.56,30.94,0.0,L
2020-05-29 02:10:00,95339.98,51.91,30.94,0.0,L
2020-05-29 02:15:00,95339.35,51.69,30.97,0.0,L
2020-05-29 02:20:00,95334.97,51.39,30.91,0.0,L
2020-05-29 02:25:00,95315.41,51.35,30.87,0.0,L
2020-05-29 02:30:00,95280.22,51.73,30.81,0.0,L
2020-05-29 02:35:00,95228.45,51.76,30.91,0.0,L
2020-05-29 02:40:00,95190.45,52.16,30.99,0.0,L
2020-05-29 02:45:00,95141.22,52.31,30.95,0.0,L
2020-05-29 02:50:00,95086.05,52.05,31.01,0.0,L
2020-05-29 02:55:00,95067.16,52.12,31.01,0.0,L
2020-05-29 03:00:00,95040.28,52.03,31.08,0.0,L
2020-05-29 03:05:00,94997.62,52.08,31.07,0.0,L
2020-05-29 03:10:00,94993.5,52.19,31.08,0.0,L
2020-05-29 03:15:00,94984.17,52.2,31.08,0.0,L
2020-05-29 03:20:00,94971.14,52.25,31.07,0.0,L
2020-05-29 03:25:00,94948.54,52.25,31.07,0.0,L
2020-05-29 03:30:00,94926.16,52.34,31.07,0.0,L
2020-05-29 03:35:00,94906.16,52.6,31.02,0.0,L
2020-05-29 03:40:00,94918.13,52.41,31.08,0.0,L
2020-05-29 03:45:00,94954.77,52.29,31.11,0.0,L
2020-05-29 03:50:00,94984.62,52.37,31.11,0.0,L
2020-05-29 03:55:00,94977.47,52.5,31.12,0.0,L
2020-05-29 04:00:00,94971.07,52.67,31.11,0.0,L
2020-05-29 04:05:00,94989.18,52.71,31.1,0.0,L
2020-05-29 04:10:00,95012.5,52.8,31.11,0.0,L
2020-05-29 04:15:00,95032.84,53.01,31.05,0.0,L
2020-05-29 04:20:00,95038.75,52.92,31.09,0.0,L
2020-05-29 04:25:00,95056.97,52.92,31.09,0.0,L
2020-05-29 04:30:00,95088.3,53.03,31.07,0.0,L
2020-05-29 04:35:00,95111.05,53.1,31.09,0.0,L
2020-05-29 04:40:00,95122.25,53.16,31.09,0.0,L
2020-05-29 04:45:00,95129.1,53.19,31.09,0.0,L
2020-05-29 04:50:00,95122.59,53.2,31.08,0.0,L
2020-05-29 04:55:00,95106.56,53.14,31.08,0.0,L
2020-05-29 05:00:00,95094.98,53.15,31.07,0.0,L
2020-05-29 05:05:00,95084.55,53.14,31.05,0.0,L
2020-05-29 05:10:00,95070.37,53.31,31.03,0.0,L
2020-05-29 05:15:00,95057.23,53.38,30.99,0.0,L
2020-05-29 05:20:00,95043.22,53.35,31.0,0.0,L
2020-05-29 05:25:00,95033.21,53.25,31.04,0.0,L
2020-05-29 05:30:00,95026.62,53.27,31.02,0.0,L
2020-05-29 05:35:00,95021.39,53.23,31.03,0.0,L
2020-05-29 05:40:00,95019.3,53.25,31.04,0.0,L
2020-05-29 05:45:00,95021.13,53.45,30.99,0.0,L
2020-05-29 05:50:00,95020.61,53.4,31.01,0.0,L
2020-05-29 05:55:00,95021.36,53.42,31.0,0.0,L
2020-05-29 06:00:00,95021.48,53.63,30.92,0.0,L
2020-05-29 06:05:00,95026.88,53.71,30.92,0.0,L
2020-05-29 06:10:00,95037.11,53.68,30.93,0.0,L
2020-05-29 06:15:00,95031.33,53.66,30.92,0.0,L
2020-05-29 06:20:00,95032.68,53.68,30.92,0.0,L
2020-05-29 06:25:00,95052.59,53.7,30.89,0.0,L
2020-05-29 06:30:00,95063.03,53.64,30.92,0.0,L
2020-05-29 06:35:00,95064.89,53.54,30.93,0.0,L
2020-05-29 06:40:00,95064.38,53.57,30.92,0.0,L
2020-05-29 06:45:00,95078.28,53.6,30.89,0.0,L
2020-05-29 06:50:00,95093.73,53.61,30.87,0.0,L
2020-05-29 06:55:00,95096.07,53.71,30.82,0.0,L
2020-05-29 07:00:00,95091.0,53.52,30.88,0.0,L
2020-05-29 07:05:00,95076.45,53.53,30.83,0.0,L
2020-05-29 07:10:00,95080.42,53.89,30.68,0.0,E
2020-05-29 07:15:00,95078.84,53.91,30.65,0.0,E
2020-05-29 07:20:00,95086.23,53.83,30.62,0.0,L
2020-05-29 07:25:00,95077.37,53.97,30.51,0.0,L
2020-05-29 07:30:00,95088.45,53.87,30.5,0.0,E
2020-05-29 07:35:00,95111.33,53.68,30.46,0.0,E
2020-05-29 07:40:00,95115.78,53.49,30.44,1.0,E
2020-05-29 07:45:00,95124.83,53.41,30.38,1.0,E
2020-05-29 07:50:00,95127.74,53.18,30.4,1.0,E
2020-05-29 07:55:00,95124.66,52.43,30.16,1.0,E
2020-05-29 08:00:00,95136.15,53.4,29.52,1.0,L
2020-05-29 08:05:00,95131.33,53.03,29.35,1.0,L
2020-05-29 08:10:00,95118.0,53.01,29.27,0.0,E
2020-05-29 08:15:00,95098.69,52.7,29.25,0.0,E
2020-05-29 08:20:00,95103.88,53.26,29.19,0.0,E
2020-05-29 08:25:00,95134.08,53.18,29.3,0.0,E
2020-05-29 08:30:00,95167.95,53.12,28.97,0.0,E
2020-05-31 19:00:00,94825.61,47.85,30.69,2.0,H
2020-05-31 19:05:00,94826.2,48.27,30.67,2.0,H
2020-05-31 19:10:00,94834.28,48.51,30.85,2.0,H
2020-05-31 19:15:00,94840.69,48.09,30.92,2.0,H
2020-05-31 19:20:00,94840.92,48.02,30.91,2.0,H
2020-05-31 19:25:00,94863.92,47.6,30.8,2.0,H
2020-05-31 19:30:00,94889.39,49.4,30.68,2.0,M
2020-05-31 19:35:00,94912.25,51.95,30.4,2.0,M
2020-05-31 19:40:00,94942.09,54.83,29.83,2.0,M
2020-05-31 19:45:00,94953.91,55.15,29.85,2.0,M
2020-05-31 19:50:00,94973.02,55.24,29.9,2.0,L
2020-05-31 19:55:00,94983.35,55.21,29.93,2.0,L
2020-05-31 20:00:00,95008.69,55.6,29.88,2.0,L
2020-05-31 20:05:00,95028.09,55.78,29.75,2.0,L
2020-06-01 01:40:00,95137.69,65.04,28.53,0.0,L
2020-06-01 01:45:00,95137.41,64.39,28.93,0.0,L
2020-06-01 01:50:00,95133.25,62.67,29.42,0.0,L
2020-06-01 01:55:00,95124.27,61.9,29.58,0.0,L
2020-06-01 02:00:00,95120.2,60.81,29.69,0.0,L
2020-06-01 02:05:00,95121.48,56.37,29.61,0.0,L
2020-06-01 02:10:00,95123.28,58.73,29.69,0.0,L
2020-06-01 02:15:00,95127.72,58.49,29.67,0.0,L
2020-06-01 02:20:00,95136.94,57.76,29.73,0.0,L
2020-06-01 02:25:00,95131.95,58.94,29.71,0.0,L
2020-06-01 02:30:00,95131.9,58.4,29.77,0.0,L
2020-06-01 02:35:00,95128.25,58.75,29.79,0.0,L
2020-06-01 02:40:00,95123.42,58.71,29.76,0.0,L
2020-06-01 02:45:00,95116.63,58.65,29.74,0.0,L
2020-06-01 02:50:00,95118.92,58.58,29.71,0.0,L
2020-06-01 02:55:00,95106.14,58.52,29.7,0.0,L
2020-06-01 03:00:00,95099.63,58.55,29.73,0.0,L
2020-06-01 03:05:00,95089.41,58.54,29.75,0.0,L
2020-06-01 03:10:00,95088.01,58.64,29.74,0.0,L
2020-06-01 03:15:00,95095.36,58.62,29.73,0.0,L
2020-06-01 03:20:00,95090.92,58.59,29.73,0.0,L
2020-06-01 03:25:00,95083.42,58.57,29.71,0.0,L
2020-06-01 03:30:00,95080.44,58.77,29.72,0.0,L
2020-06-01 03:35:00,95073.94,58.67,29.71,0.0,L
2020-06-01 03:40:00,95072.77,58.63,29.71,0.0,L
2020-06-01 03:45:00,95074.33,58.52,29.7,0.0,L
2020-06-01 03:50:00,95082.69,58.44,29.72,0.0,L
2020-06-01 03:55:00,95079.8,58.71,29.7,0.0,L
2020-06-01 04:00:00,95087.61,58.44,29.69,0.0,L
2020-06-01 04:05:00,95089.07,58.6,29.68,0.0,L
2020-06-01 04:10:00,95090.97,58.44,29.64,0.0,L
2020-06-01 04:15:00,95094.23,58.39,29.65,0.0,L
2020-06-01 04:20:00,95092.87,58.05,29.63,0.0,L
2020-06-01 04:25:00,95089.17,57.9,29.63,0.0,L
2020-06-01 04:30:00,95084.13,57.96,29.6,0.0,L
2020-06-01 04:35:00,95078.64,57.85,29.6,0.0,L
2020-06-01 04:40:00,95080.58,57.95,29.57,0.0,L
2020-06-01 04:45:00,95083.89,57.92,29.58,0.0,L
2020-06-01 04:50:00,95085.69,57.78,29.57,0.0,L
2020-06-01 04:55:00,95084.45,57.77,29.56,0.0,L
2020-06-01 05:00:00,95080.59,57.71,29.55,0.0,L
2020-06-01 05:05:00,95076.87,57.66,29.49,0.0,L
2020-06-01 05:10:00,95072.61,57.64,29.5,0.0,L
2020-06-01 05:15:00,95067.83,57.56,29.48,0.0,L
2020-06-01 05:20:00,95063.75,57.38,29.51,0.0,L
2020-06-01 05:25:00,95048.54,57.43,29.46,0.0,L
2020-06-01 05:30:00,95040.47,57.42,29.44,0.0,L
2020-06-01 05:35:00,95042.43,57.41,29.45,0.0,L
2020-06-01 05:40:00,95051.52,57.36,29.45,0.0,L
2020-06-01 05:45:00,95049.16,57.49,29.38,0.0,L
2020-06-01 05:50:00,95058.28,57.63,29.34,0.0,L
2020-06-01 05:55:00,95064.87,57.88,29.32,0.0,L
2020-06-01 06:00:00,95059.7,57.78,29.38,0.0,L
2020-06-01 06:05:00,95059.02,57.61,29.42,0.0,L
2020-06-01 06:10:00,95056.95,57.4,29.39,0.0,L
2020-06-01 06:15:00,95060.59,57.21,29.4,0.0,L
2020-06-01 06:20:00,95058.73,57.27,29.38,0.0,L
2020-06-01 06:25:00,95048.7,57.31,29.38,0.0,L
2020-06-01 06:30:00,95045.56,57.23,29.4,0.0,L
2020-06-01 06:35:00,95036.09,57.19,29.38,0.0,L
2020-06-01 06:40:00,95039.4,57.23,29.38,0.0,L
2020-06-01 06:45:00,95046.52,57.16,29.38,0.0,L
2020-06-01 06:50:00,95047.19,57.22,29.38,0.0,L
2020-06-01 06:55:00,95057.89,57.15,29.33,0.0,L
2020-06-01 07:00:00,95060.27,59.05,28.0,0.0,L
2020-06-01 07:05:00,95067.13,60.47,27.42,0.0,L
2020-06-01 07:10:00,95073.62,62.52,26.61,0.0,E
2020-06-01 07:15:00,95076.98,63.53,26.3,0.0,E
2020-06-01 07:20:00,95079.57,63.31,26.24,0.0,E
2020-06-01 07:25:00,95081.3,63.91,26.18,0.0,E
2020-06-01 07:30:00,95082.45,62.93,26.66,0.0,E
2020-06-01 07:35:00,95095.88,62.69,26.75,0.0,E
2020-06-01 07:40:00,95100.42,62.58,26.81,0.0,E
2020-06-01 07:45:00,95100.72,62.62,26.7,0.0,E
2020-06-01 07:50:00,95108.34,62.43,26.78,0.0,E
2020-06-01 07:55:00,95112.42,62.53,26.77,0.0,E
2020-06-01 08:00:00,95121.63,63.05,26.76,0.0,E
2020-06-01 08:05:00,95124.06,63.54,26.68,0.0,E
2020-06-01 08:10:00,95142.5,64.48,26.24,0.0,E
2020-06-01 08:15:00,95142.98,66.19,25.77,0.0,E
2020-06-01 08:20:00,95151.48,66.71,25.58,0.0,E
2020-06-01 08:25:00,95159.7,66.73,25.48,0.0,E
2020-06-01 08:30:00,95172.91,67.1,25.46,0.0,E
2020-06-01 08:35:00,95178.56,67.36,25.59,0.0,E
2020-06-01 08:40:00,95186.34,68.08,25.58,0.0,E
2020-06-01 08:45:00,95190.2,68.44,25.65,0.0,E
2020-06-01 08:50:00,95197.81,69.09,25.67,0.0,E
2020-06-01 08:55:00,95203.58,68.14,26.02,0.0,E
2020-06-01 09:00:00,95211.74,68.52,26.06,0.0,E
2020-06-01 09:05:00,95220.86,69.07,26.01,0.0,E
2020-06-01 09:10:00,95235.16,68.27,26.21,0.0,E
2020-06-01 09:15:00,95237.42,67.87,26.28,0.0,E
2020-06-01 09:20:00,95241.54,66.14,26.79,0.0,E
2020-06-01 09:25:00,95244.05,67.78,26.22,0.0,E
2020-06-01 09:30:00,95238.22,67.8,26.29,0.0,E
2020-06-01 09:35:00,95242.52,66.88,26.66,0.0,E
2020-06-01 09:40:00,95252.45,65.29,27.13,0.0,E
2020-06-01 09:45:00,95249.55,64.29,27.5,0.0,E
2020-06-01 09:50:00,95252.43,63.53,27.74,0.0,E
2020-06-01 09:55:00,95248.14,62.98,27.9,0.0,E
2020-06-01 10:00:00,95254.73,62.75,27.98,0.0,E
2020-06-01 10:05:00,95253.23,62.28,28.1,0.0,E
2020-06-01 10:10:00,95249.69,62.12,28.17,0.0,E
2020-06-01 10:15:00,95246.44,61.67,28.28,0.0,E
2020-06-01 10:20:00,95242.17,61.72,28.32,0.0,E
2020-06-01 10:25:00,95232.22,61.47,28.41,0.0,E
2020-06-01 10:30:00,95240.42,61.19,28.49,0.0,E
2020-06-01 10:35:00,95233.23,63.27,27.81,0.0,E
2020-06-01 10:40:00,95238.46,64.31,27.59,0.0,E
2020-06-01 10:45:00,95238.27,65.18,27.34,0.0,E
2020-06-01 10:50:00,95238.3,64.2,27.61,1.0,E
2020-06-01 10:55:00,95235.11,62.92,28.07,1.0,E
2020-06-01 11:00:00,95239.45,62.01,28.31,1.0,E
2020-06-01 11:05:00,95239.53,61.41,28.44,1.0,E
2020-06-01 11:10:00,95234.05,61.04,28.53,1.0,E
2020-06-01 11:15:00,95230.83,60.71,28.62,1.0,E
2020-06-01 11:20:00,95228.3,61.07,28.68,1.0,L
2020-06-01 11:25:00,95231.36,60.8,28.72,1.0,L
2020-06-01 11:30:00,95230.85,60.76,28.72,1.0,L
2020-06-01 11:35:00,95223.55,60.89,28.63,1.0,L
2020-06-01 11:40:00,95216.61,60.79,28.73,1.0,L
2020-06-01 11:45:00,95218.25,60.22,29.11,1.0,L
2020-06-01 11:50:00,95212.68,59.29,29.16,1.0,M
2020-06-01 11:55:00,95209.34,58.93,29.22,1.0,M
2020-06-01 12:00:00,95212.63,58.64,29.44,1.0,M
2020-06-01 12:05:00,95212.5,58.2,29.55,1.0,M
2020-06-01 12:10:00,95214.0,57.8,29.7,1.0,M
2020-06-01 12:15:00,95211.14,58.92,29.21,1.0,M
2020-06-01 12:20:00,95206.2,59.23,29.26,1.0,M
2020-06-01 12:25:00,95199.0,58.89,29.43,1.0,M
2020-06-01 12:30:00,95202.83,58.2,29.48,1.0,L
2020-06-01 12:35:00,95194.44,58.06,29.54,1.0,L
2020-06-01 12:40:00,95185.93,57.22,29.45,1.0,L
2020-06-01 12:45:00,95180.66,57.29,29.45,1.0,L
2020-06-01 12:50:00,95184.36,57.2,29.46,1.0,L
2020-06-01 12:55:00,95177.72,57.0,29.57,1.0,L
2020-06-01 13:00:00,95171.05,56.78,29.54,1.0,L
2020-06-04 01:45:00,94654.77,60.4,29.99,0.0,L
2020-06-04 01:50:00,94654.91,58.55,30.39,0.0,L
2020-06-04 01:55:00,94652.0,56.51,30.89,0.0,L
2020-06-04 02:00:00,94643.87,55.17,31.02,0.0,L
2020-06-04 02:05:00,94639.72,53.3,31.01,0.0,L
2020-06-04 02:10:00,94641.38,54.73,31.07,0.0,L
2020-06-04 02:15:00,94633.17,54.17,30.98,0.0,L
2020-06-04 02:20:00,94626.83,53.24,30.92,0.0,L
2020-06-04 02:25:00,94623.19,54.42,30.83,0.0,L
2020-06-04 02:30:00,94620.05,51.65,30.8,0.0,L
2020-06-04 02:35:00,94621.35,53.62,30.8,0.0,L
2020-06-04 02:40:00,94607.34,51.24,30.69,0.0,L
2020-06-04 02:45:00,94616.88,53.83,30.67,0.0,L
2020-06-04 02:50:00,94610.53,51.62,30.67,0.0,L
2020-06-04 02:55:00,94612.39,53.03,30.61,0.0,L
2020-06-04 03:00:00,94602.94,52.29,30.68,0.0,L
2020-06-04 03:05:00,94601.11,53.82,30.59,0.0,L
2020-06-04 03:10:00,94598.09,54.39,30.58,0.0,L
2020-06-04 03:15:00,94592.44,55.0,30.62,0.0,L
2020-06-04 03:20:00,94588.76,55.9,30.58,0.0,L
2020-06-04 03:25:00,94590.66,56.35,30.6,0.0,L
2020-06-04 03:30:00,94578.41,56.7,30.54,0.0,L
2020-06-04 03:35:00,94577.15,56.94,30.57,0.0,L
2020-06-04 03:40:00,94581.47,57.13,30.57,0.0,L
2020-06-04 03:45:00,94584.2,57.17,30.64,0.0,L
2020-06-04 03:50:00,94591.17,57.35,30.65,0.0,L
2020-06-04 03:55:00,94589.37,57.78,30.6,0.0,L
2020-06-04 04:00:00,94588.87,58.02,30.54,0.0,L
2020-06-04 04:05:00,94590.3,58.14,30.56,0.0,L
2020-06-04 04:10:00,94586.06,58.06,30.63,0.0,L
2020-06-04 04:15:00,94595.81,58.64,30.5,0.0,L
2020-06-04 04:20:00,94590.81,58.63,30.56,0.0,L
2020-06-04 04:25:00,94588.2,58.82,30.54,0.0,L
2020-06-04 04:30:00,94584.31,59.02,30.49,0.0,L
2020-06-04 04:35:00,94589.97,59.21,30.46,0.0,L
2020-06-04 04:40:00,94592.44,59.16,30.51,0.0,L
2020-06-04 04:45:00,94585.6,59.13,30.53,0.0,L
2020-06-04 04:50:00,94584.72,59.18,30.54,0.0,L
2020-06-04 04:55:00,94580.31,59.24,30.56,0.0,L
2020-06-04 05:00:00,94578.31,59.25,30.54,0.0,L
2020-06-04 05:05:00,94573.47,59.3,30.53,0.0,L
2020-06-04 05:10:00,94574.19,59.42,30.5,0.0,L
2020-06-04 05:15:00,94572.27,59.34,30.56,0.0,L
2020-06-04 05:20:00,94568.11,59.33,30.56,0.0,L
2020-06-04 05:25:00,94573.95,59.51,30.51,0.0,L
2020-06-04 05:30:00,94573.38,59.47,30.54,0.0,L
2020-06-04 05:35:00,94567.47,59.53,30.53,0.0,L
2020-06-04 05:40:00,94562.72,59.61,30.51,0.0,L
2020-06-04 05:45:00,94565.78,59.59,30.53,0.0,L
2020-06-04 05:50:00,94561.94,59.74,30.47,0.0,L
2020-06-04 05:55:00,94566.23,59.88,30.45,0.0,L
2020-06-04 06:00:00,94564.73,59.87,30.44,0.0,L
2020-06-04 06:05:00,94571.67,59.87,30.46,0.0,L
2020-06-04 06:10:00,94578.3,59.79,30.48,0.0,L
2020-06-04 06:15:00,94579.16,59.84,30.48,0.0,L
2020-06-04 06:20:00,94581.14,59.74,30.51,0.0,L
2020-06-04 06:25:00,94586.2,60.06,30.35,0.0,L
2020-06-04 06:30:00,94583.16,60.79,30.09,0.0,L
2020-06-04 06:35:00,94593.8,61.45,29.92,0.0,L
2020-06-04 06:40:00,94600.69,61.9,29.66,0.0,L
2020-06-04 06:45:00,94598.19,62.34,29.54,0.0,L
2020-06-04 06:50:00,94593.7,61.44,29.91,0.0,L
2020-06-04 06:55:00,94597.0,61.26,29.98,0.0,L
2020-06-04 07:00:00,94601.45,61.72,29.84,0.0,L
2020-06-04 07:05:00,94612.25,61.94,29.83,0.0,L
2020-06-04 07:10:00,94621.75,61.82,29.9,0.0,E
2020-06-04 07:15:00,94624.39,61.87,29.9,0.0,E
2020-06-04 07:20:00,94629.41,62.19,29.81,0.0,E
2020-06-04 07:25:00,94628.81,62.1,29.89,0.0,E
2020-06-04 07:30:00,94627.8,62.26,29.82,0.0,E
2020-06-04 07:35:00,94627.41,62.64,29.71,0.0,E
2020-06-04 07:40:00,94626.91,62.85,29.69,0.0,E
2020-06-04 07:45:00,94627.82,62.84,29.68,0.0,E
2020-06-04 07:50:00,94633.08,62.84,29.69,0.0,E
2020-06-04 07:55:00,94635.0,62.87,29.67,0.0,E
2020-06-04 08:00:00,94640.72,62.8,29.68,0.0,E
2020-06-04 08:05:00,94641.8,62.61,29.73,0.0,E
2020-06-04 08:10:00,94642.65,62.65,29.73,0.0,E
2020-06-04 08:15:00,94651.3,62.59,29.72,0.0,E
2020-06-04 08:20:00,94656.93,62.53,29.76,0.0,E
2020-06-04 08:25:00,94659.97,62.37,29.78,0.0,E
2020-06-04 08:30:00,94668.75,62.07,29.83,0.0,E
2020-06-04 08:35:00,94678.46,62.11,29.82,0.0,E
2020-06-04 08:40:00,94679.06,62.01,29.83,0.0,E
2020-06-04 08:45:00,94688.63,61.93,29.86,0.0,E
2020-06-04 08:50:00,94683.81,61.83,29.87,0.0,E
2020-06-04 08:55:00,94689.81,61.77,29.88,0.0,E
2020-06-04 09:00:00,94694.52,61.67,29.91,0.0,E
2020-06-04 09:05:00,94703.27,61.6,29.91,0.0,E
2020-06-04 09:10:00,94710.73,61.58,29.92,0.0,E
2020-06-04 09:15:00,94715.62,61.56,29.93,0.0,E
2020-06-04 09:20:00,94711.35,61.53,29.94,0.0,E
2020-06-04 09:25:00,94716.14,61.53,29.98,0.0,E
2020-06-04 09:30:00,94721.73,61.45,30.02,1.0,L
2020-06-04 09:35:00,94723.59,61.39,30.02,1.0,L
2020-06-04 09:40:00,94723.34,61.4,29.98,1.0,L
2020-06-04 09:45:00,94726.55,61.41,30.03,1.0,L
2020-06-04 09:50:00,94722.98,61.22,30.08,1.0,E
2020-06-04 09:55:00,94719.23,61.22,30.08,1.0,E
2020-06-04 10:00:00,94710.7,61.26,30.07,1.0,E
2020-06-04 10:05:00,94709.78,61.12,30.12,1.0,E
2020-06-04 10:10:00,94698.47,61.2,30.1,1.0,E
2020-06-04 10:15:00,94691.61,61.39,30.18,1.0,E
2020-06-04 10:20:00,94687.65,61.13,30.23,1.0,L
2020-06-04 10:25:00,94682.8,61.09,30.24,1.0,L
2020-06-04 10:30:00,94681.53,60.99,30.29,1.0,L
2020-06-04 10:35:00,94682.98,60.84,30.33,1.0,L
2020-06-04 10:40:00,94682.48,60.66,30.38,1.0,L
2020-06-04 10:45:00,94690.19,60.66,30.38,1.0,L
2020-06-04 10:50:00,94692.84,60.53,30.43,1.0,L
2020-06-04 10:55:00,94702.9,60.46,30.47,1.0,L
2020-06-04 11:00:00,94695.59,60.23,30.52,1.0,L
2020-06-04 11:05:00,94696.09,60.16,30.55,1.0,L
2020-06-04 11:10:00,94694.79,60.24,30.55,1.0,L
2020-06-04 11:15:00,94694.8,60.27,30.59,1.0,L
2020-06-04 11:20:00,94697.33,60.3,30.61,1.0,M
2020-06-04 11:25:00,94689.75,60.14,30.66,1.0,M
2020-06-04 11:30:00,94688.86,60.48,30.66,1.0,M
2020-06-04 11:35:00,94687.32,60.33,30.67,1.0,M
2020-06-04 11:40:00,94683.06,60.25,30.65,1.0,L
2020-06-04 11:45:00,94682.23,60.18,30.64,1.0,L
2020-06-04 11:50:00,94679.66,60.26,30.64,1.0,L
2020-06-04 11:55:00,94678.73,60.12,30.72,1.0,L
2020-06-04 12:00:00,94684.47,60.18,30.78,1.0,L
2020-06-04 12:05:00,94682.0,60.03,30.76,1.0,L
2020-06-04 12:10:00,94676.91,60.09,30.75,1.0,L
2020-06-04 12:15:00,94677.45,60.34,30.66,1.0,L
2020-06-04 12:20:00,94674.25,60.23,30.64,1.0,L
2020-06-04 12:25:00,94674.25,59.73,30.66,1.0,L
2020-06-04 12:30:00,94677.39,60.09,30.65,1.0,L
2020-06-04 12:35:00,94668.36,60.26,30.64,1.0,L
2020-06-04 12:40:00,94663.18,60.34,30.66,1.0,L
2020-06-04 12:45:00,94667.48,60.33,30.73,1.0,L
2020-06-04 12:50:00,94654.11,60.26,30.74,1.0,L
2020-06-04 12:55:00,94646.45,60.36,30.75,1.0,L
2020-06-04 13:00:00,94647.08,60.21,30.8,1.0,L
2020-06-04 13:05:00,94646.95,60.16,30.81,1.0,L
2020-06-04 13:10:00,94639.86,60.28,30.76,1.0,L
2020-06-04 13:15:00,94630.16,60.13,30.82,1.0,L
2020-06-04 13:20:00,94623.48,60.1,30.85,1.0,L
2020-06-04 13:25:00,94623.75,59.68,30.86,1.0,L
2020-06-04 13:30:00,94614.33,57.87,30.8,1.0,L
2020-06-04 13:35:00,94615.29,56.12,30.74,1.0,L
2020-06-04 13:40:00,94602.52,53.36,30.69,1.0,L
2020-06-04 13:45:00,94592.91,53.75,30.76,1.0,L
2020-06-04 13:50:00,94589.99,51.34,30.69,1.0,L
2020-06-04 13:55:00,94588.86,50.59,30.56,1.0,L
2020-06-04 14:00:00,94584.23,51.89,30.62,1.0,L
2020-06-04 14:05:00,94576.21,50.96,30.61,1.0,L
2020-06-04 14:10:00,94574.52,49.12,30.37,1.0,L
2020-06-04 14:15:00,94562.48,50.97,30.52,1.0,L
2020-06-04 14:20:00,94559.39,48.71,30.45,1.0,L
2020-06-04 14:25:00,94556.52,51.01,30.54,1.0,L
2020-06-04 14:30:00,94546.84,51.17,30.6,1.0,L
2020-06-04 14:35:00,94548.36,51.86,30.6,1.0,L
2020-06-04 14:40:00,94532.24,52.5,30.64,1.0,L
2020-06-04 14:45:00,94529.59,53.14,30.79,1.0,L
2020-06-04 14:50:00,94525.77,53.36,30.8,0.0,E
2020-06-04 14:55:00,94525.24,53.86,30.86,0.0,E
2020-06-04 15:00:00,94513.63,54.14,30.9,1.0,L
2020-06-04 15:05:00,94506.69,54.3,30.91,1.0,L
2020-06-04 15:10:00,94498.25,54.64,30.94,1.0,L
2020-06-04 15:15:00,94502.69,54.77,30.84,1.0,L
2020-06-04 15:20:00,94499.83,56.01,31.04,1.0,L
2020-06-04 15:25:00,94498.09,55.35,31.1,1.0,L
2020-06-04 15:30:00,94497.67,55.66,31.13,1.0,L
2020-06-04 15:35:00,94494.55,55.93,31.1,1.0,L
2020-06-04 15:40:00,94488.31,56.01,31.11,1.0,L
2020-06-04 15:45:00,94484.09,56.11,31.16,1.0,L
2020-06-04 15:50:00,94475.48,56.44,31.16,1.0,L
2020-06-04 15:55:00,94477.47,55.6,31.22,1.0,L
2020-06-04 16:00:00,94459.4,52.97,31.2,1.0,L
2020-06-04 18:05:00,94392.14,55.55,31.41,1.0,M
2020-06-04 18:10:00,94390.77,55.16,31.51,1.0,M
2020-06-04 18:15:00,94393.12,54.75,31.47,1.0,M
2020-06-04 18:20:00,94388.68,54.52,31.47,1.0,M
2020-06-04 18:25:00,94390.62,53.33,31.46,1.0,M
2020-06-04 18:30:00,94394.8,51.57,31.51,1.0,M
2020-06-04 18:35:00,94392.63,50.03,31.44,1.0,M
2020-06-04 18:40:00,94389.41,50.15,31.47,1.0,M
2020-06-04 18:45:00,94402.28,49.27,31.47,1.0,M
2020-06-04 18:50:00,94400.14,49.33,31.45,1.0,M
2020-06-04 18:55:00,94401.48,49.07,31.42,1.0,M
2020-06-04 19:00:00,94398.74,48.45,31.41,1.0,M
2020-06-04 19:05:00,94402.36,48.09,31.4,1.0,M
2020-06-04 19:10:00,94400.56,49.34,31.42,1.0,M
2020-06-04 19:15:00,94396.63,51.18,31.43,1.0,M
2020-06-04 19:20:00,94399.87,52.08,31.4,1.0,M
2020-06-04 19:25:00,94406.62,52.5,31.47,1.0,M
2020-06-04 19:30:00,94408.55,52.93,31.5,1.0,M
2020-06-04 19:35:00,94417.36,52.98,31.54,1.0,M
2020-06-04 19:40:00,94420.79,53.45,31.55,1.0,M
2020-06-04 19:45:00,94430.93,53.95,31.58,1.0,M
2020-06-04 19:50:00,94434.44,53.99,31.6,1.0,M
2020-06-04 19:55:00,94431.77,53.64,31.57,1.0,M
2020-06-04 20:00:00,94439.45,53.77,31.61,1.0,M
2020-06-04 20:05:00,94449.31,53.76,31.6,1.0,M
2020-06-04 20:10:00,94450.2,53.39,31.59,0.0,E
2020-06-04 20:15:00,94453.52,53.03,31.54,0.0,E
2020-06-04 20:20:00,94460.09,54.07,31.52,1.0,L
2020-06-04 20:25:00,94462.65,53.99,31.51,1.0,L
2020-06-04 20:30:00,94472.69,54.2,31.52,1.0,L
2020-06-04 20:35:00,94471.44,52.54,31.5,1.0,L
2020-06-04 20:40:00,94474.87,51.35,31.49,1.0,L
2020-06-04 20:45:00,94482.64,50.22,31.45,1.0,L
2020-06-04 20:50:00,94483.73,48.4,31.47,1.0,M
2020-06-04 20:55:00,94495.28,47.79,31.26,1.0,M
2020-06-04 21:00:00,94496.81,47.64,31.3,1.0,L
2020-06-04 21:05:00,94495.66,46.69,31.21,1.0,L
2020-06-04 21:10:00,94498.83,45.35,31.23,1.0,E
2020-06-04 21:15:00,94497.59,45.89,31.16,1.0,E
2020-06-04 21:20:00,94503.56,46.13,31.1,1.0,L
2020-06-04 21:25:00,94508.34,46.21,31.09,1.0,L
2020-06-04 21:30:00,94517.67,45.39,31.13,1.0,L
2020-06-04 21:35:00,94523.85,45.86,31.06,1.0,L
2020-06-04 21:40:00,94532.78,45.22,31.09,1.0,L
2020-06-04 21:45:00,94539.5,47.04,31.17,1.0,L
2020-06-04 21:50:00,94533.25,47.06,31.13,1.0,L
2020-06-04 21:55:00,94541.34,48.58,31.09,1.0,L
2020-06-04 22:00:00,94549.66,49.72,31.23,1.0,L
2020-06-04 22:05:00,94548.95,54.02,31.21,1.0,L
2020-06-04 22:10:00,94559.02,53.24,31.2,0.0,E
2020-06-04 22:15:00,94557.36,53.96,31.28,0.0,E
2020-06-04 22:20:00,94561.9,55.03,31.36,1.0,E
2020-06-04 22:25:00,94555.63,56.41,31.46,1.0,E
2020-06-04 22:30:00,94552.89,56.47,31.5,1.0,E
2020-06-04 22:35:00,94565.0,56.87,31.52,1.0,E
2020-06-04 22:40:00,94563.48,56.49,31.56,1.0,L
2020-06-04 22:45:00,94569.56,56.65,31.58,1.0,L
2020-06-04 22:50:00,94583.69,56.72,31.62,1.0,L
2020-06-04 22:55:00,94582.53,56.38,31.75,1.0,L
2020-06-04 23:00:00,94586.27,57.45,31.83,1.0,M
2020-06-04 23:05:00,94590.67,56.7,31.91,1.0,M
